Brand,Product,Type,Price,Dry,Oily,Combination,Acne-prone,Sensitive,Links
Tatcha,Dewy Skin Cream,Cream,$$$,TRUE,FALSE,FALSE,FALSE,TRUE,The Dewy Skin Cream - TatchaTatchahttps://tatcha.com › products › the-dewy-skin-cream
La Roche-Posay,Hydrating Gentle Cleanser,Cleanser,$,TRUE,FALSE,FALSE,TRUE,TRUE,Toleriane Hydrating Gentle Facial CleanserLa Roche-Posayhttps://www.laroche-posay.us › face › face-wash › toler...
Cerva,Hydrating Facial Cleanser,Cleanser,$,FALSE,FALSE,FALSE,FALSE,FALSE,Hydrating Facial Cleanser: Skin RefreshCeraVehttps://www.cerave.com › skincare › cleansers › hydratin...
Cerva,Daily Face Wash,Cleanser,$,FALSE,TRUE,TRUE,FALSE,FALSE,"Facial Cleansers: Face Wash, Micellar Water & Bar SoapCeraVehttps://www.cerave.com › skincare › facial-cleansers"
Ordinary,Makeup Removal,Cleanser,$,TRUE,FALSE,FALSE,FALSE,TRUE,The Ordinary Squalane CleanserThe Ordinaryhttps://theordinary.com › squalane-face-cleanser-100446
Mixsoon,Cleansing Foam ,Cleanser,$,TRUE,TRUE,TRUE,TRUE,TRUE,mixsoon Centella Cleansing Foam 150mlmixsoon US Officialhttps://mixsoon.us › products › mixsoon-centella-cleans...
Bioderma ,Sensitive cleanser ,Cleanser,$$,TRUE,TRUE,TRUE,TRUE,TRUE,Sensibio Foaming Gelbioderma.ushttps://www.bioderma.us › ... › All products › SENSIBIO
Anua ,Pore Deep Cleasning Foam,Cleanser,$,FALSE,TRUE,FALSE,TRUE,TRUE,Heartleaf Quercetinol Pore Deep Cleansing FoamAnua UShttps://anua.com › products › heartleaf-quercetinol-por...
Medicube,Collegen Night Mask,Treatment,$$,FALSE,TRUE,TRUE,TRUE,TRUE,MEDICUBE Collagen Night Wrapping Mask (75ml)skincupid.ushttps://www.skincupid.us › MEDICUBE
Dr. Jart+,Moisturizing Face Mask,Treatment,$,TRUE,FALSE,FALSE,FALSE,TRUE,Dr. Jart+ MasksSephorahttps://www.sephora.com › Dr. Jart+ › Dr. Jart+ Skincare
Ordinary,Niacinamide 10% + Zinc 1%  Serum,Serum,$,FALSE,TRUE,FALSE,TRUE,FALSE,Niacinamide 10% + Zinc 1% Oil Control SerumThe Ordinaryhttps://theordinary.com › en-us › niacinamide-10-zinc-...
Kiehl's,Hydrating & Soothing Face Mask,Treatment,$$,TRUE,FALSE,FALSE,FALSE,FALSE,Avocado Nourishing Hydration MaskKiehl’shttps://www.kiehls.com › skincare › face-masks › avoca...
Anua,Azelaic Acid 10 Hyaluron Redness Soothing Serum,Serum,$,FALSE,FALSE,FALSE,TRUE,TRUE,ANUA - Azelaic Acid 10 Hyaluron Redness Soothing SerumUltahttps://www.ulta.com › ... › Face Serums
Dr. Althea 345 Relief Cream,Relief Cream ,Cream,$,FALSE,TRUE,TRUE,TRUE,TRUE,Dr.Althea 345 Relief Cream | Post Acne Face Moisturizer ...Dr. Altheahttps://doctoraltheaglobal.com › products › 345-relief-c...
Kiehl's,Alcohol-Free Toner,Toner,$$,FALSE,TRUE,FALSE,TRUE,FALSE,Ultra Facial Toner – Alcohol-Free ...Kiehl’shttps://www.kiehls.com › ... › Toners › Ultra Facial Toner
Purito,Eye Cream For Brightening,Cream,$$,TRUE,FALSE,FALSE,FALSE,TRUE,Wonder Releaf Centella Eye CreamPurito Seoulhttps://purito.com › product › wonder-releaf-centella-e...
Purito,Oat Calming Gel Cream ,Cream,$,FALSE,TRUE,TRUE,TRUE,TRUE,"PURITO Oat In Calming Gel Cream, Non-Comedogenic ...Amazon.comhttps://www.amazon.com › PURITO-Lightweight-Moist..."
La Roche-Posay,Anthelios Clear Skin Oil-Free Sunscreen (SPF 60),Sunscreen,$,FALSE,TRUE,FALSE,TRUE,FALSE,Anthelios Clear Skin Oil Free Sunscreen SPF 60La Roche-Posayhttps://www.laroche-posay.us › sun › face-sunscreen
Supergoop!,Unseen Sunscrean SPF 40,Sunscreen,$$,TRUE,TRUE,TRUE,TRUE,TRUE,Mineral Unseen Sunscreen SPF 40Supergoop!https://supergoop.com › products › mineral-unseen
Neutrogena,Hydro Boost Hyaluronic Acid Moiturizer SPF 50,Sunscreen,$,FALSE,FALSE,FALSE,FALSE,FALSE,Hydro Boost Hyaluronic Acid Moisturizer SPF 50Neutrogenahttps://www.neutrogena.com › All Products
Ordinary,"Salicylic Acid 2% Solution, Exfoliating Serum for Acne",Serum,$,FALSE,TRUE,TRUE,TRUE,FALSE,The Ordinary Salicylic Acid 2% Solution
Ordinary,Hyaluronic Acid 2% + B5 Hydrating Serum with Ceramides,Serum,$,TRUE,TRUE,TRUE,TRUE,TRUE,Hyaluronic Acid 2% + B5 (with Ceramides)The Ordinaryhttps://theordinary.com › en-us › hyaluronic-acid-2-b5-...
Ordinary,Soothing and Barrier Support Serums,Serum,$,TRUE,TRUE,TRUE,TRUE,FALSE,Soothing & Barrier Support SerumThe Ordinaryhttps://theordinary.com › en-us › soothing-barrier-supp...
Glow Recipe,Watermelon Glow PHA + BHA Pore-Tight Toner,Toner,$$,TRUE,TRUE,TRUE,TRUE,TRUE,Watermelon Glow PHA+BHA Pore-Tight TonerGlow Recipehttps://www.glowrecipe.com › products › watermelon-g...
Laneige,Water Bank Blue Hyaluronic Cream Moisturizer for Moisture Barrier Repair,Cream,$$,TRUE,FALSE,FALSE,FALSE,TRUE,Water Bank Blue Hyaluronic Cream Moisturizer - LaneigeLaneigehttps://us.laneige.com › Products
Laneige,Water Sleeping Mask for Moisture Barrier Support with Niacinamide & Squalane,Treatment,$$,TRUE,TRUE,TRUE,TRUE,FALSE,LANEIGE Water Sleeping Mask for Moisture Barrier ...Sephorahttps://www.sephora.com › Skincare › Masks › Face Masks
Ordinary,Glycolic Acid 7% Exfoliating and Brightening Daily Toner,Toner,$,TRUE,TRUE,TRUE,TRUE,FALSE,Best priceThe Ordinary$5.3423% off $6.93Glycolic Acid 7% Exfoliating Toner | The OrdinaryIn stock onlineCelebrate With Us. 23% Off.4.6/5·Free delivery on orders $25+·Delivery $4.99·365-day returns
Mario Badescu,Drying Lotion Blemish Spot Treatment,Treatment,$,FALSE,TRUE,TRUE,TRUE,TRUE,Drying Lotion - On-The-Spot Solution for BlemishesMario Badescuhttps://www.mariobadescu.com › products › drying-loti...
Hero,Cosmetics Rescue Balm,Treatment,$,TRUE,TRUE,TRUE,TRUE,TRUE,Rescue Balm | The Post-Blemish Recovery Cream | 15 mlHero Cosmeticshttps://www.herocosmetics.us › products › rescue-balm
Tower 28,SOS Daily Rescue Facial Spray,Treatment,$$,FALSE,FALSE,FALSE,FALSE,TRUE,SOS Daily Rescue Facial Spray with Hypochlorous AcidTower 28 Beautyhttps://www.tower28beauty.com › products › sos-daily-...
,,,,FALSE,FALSE,FALSE,FALSE,FALSE,